employee_id,first_name,last_name,email,department,salary,joining_date,age
1,Joshua,Ramos,alexandra29@gmail.com,Operations,65313.8,2024-05-23,42
2,Christina,Clark,littlekyle@yahoo.com,IT,58827.32,2021-10-02,46
3,Jonathon,Sullivan,tannerivan@johnson.com,Operations,57427.31,2020-04-30,50
4,Clinton,Aguirre,jamieortega@yahoo.com,HR,45352.74,2021-04-04,55
5,Veronica,Weber,trevinosteven@ramos.com,Operations,78772.56,2020-10-06,51
6,Louis,Rivera,parksamy@gmail.com,Finance,30448.72,2020-05-05,41
7,Sabrina,Gonzalez,rwillis@mason-clark.biz,Marketing,88476.72,2020-10-15,48
8,Jillian,Lewis,sreese@mclean-baker.net,Marketing,49895.55,2021-06-08,33
9,Caroline,Kennedy,inguyen@huynh.com,Finance,88878.64,2024-07-17,47
10,Adam,Sanchez,luisclark@hotmail.com,HR,88331.24,2020-03-23,38
11,Sara,Miller,tmoore@warren-lewis.org,Marketing,68588.45,2020-07-21,26
12,Hannah,Carrillo,dianeroberts@becker.com,Operations,82047.41,2024-05-13,59
13,Elizabeth,Johnson,ramirezbriana@hotmail.com,IT,83585.45,2023-12-11,27
14,Victor,Lamb,michellebrown@finley.com,Finance,55038.09,2024-10-29,56
15,Tammy,Collins,cherylbanks@gmail.com,HR,39382.83,2021-03-12,52
16,Miranda,Mcmahon,bonillamatthew@yahoo.com,Operations,41564.15,2021-04-20,37
17,Carla,Melton,nicholas84@johnson-phillips.com,Finance,41986.9,2024-11-08,28
18,Robert,Sullivan,millerallison@hotmail.com,Finance,72896.95,2024-06-09,46
19,Jessica,Williams,royrandy@kelly.com,Operations,98452.12,2020-07-02,28
20,Kristina,Rivera,fbrooks@martin-blair.com,IT,85703.19,2022-12-18,59
21,Jason,Harding,smithgarrett@gmail.com,Finance,54100.54,2022-08-31,47
22,Karen,Brown,mcdonaldchristina@haynes.com,Marketing,78103.24,2020-02-07,41
23,David,Webster,zacharylee@thomas-sharp.com,Marketing,35390.49,2022-06-21,54
24,Margaret,Barry,isaacfischer@hotmail.com,Marketing,58500.34,2024-11-17,53
25,Monica,Olson,zparrish@hotmail.com,IT,75404.05,2021-01-02,24
26,Eduardo,Smith,rossjared@montes.com,IT,96756.21,2021-03-31,42
27,Carrie,Olson,isabellahall@gmail.com,Marketing,72155.31,2021-05-31,23
28,Bradley,Flowers,david06@johnson-simon.com,HR,71647.02,2021-01-20,23
29,Derek,Dunlap,zhudson@frank.org,Finance,87172.65,2020-05-04,48
30,Christopher,Wilson,nmurray@rivera.biz,HR,85120.78,2021-04-06,28
31,Kristina,Banks,gutierrezjeffrey@gmail.com,Operations,91453.39,2021-09-14,36
32,Nancy,Ortiz,claytonmcguire@turner-fowler.com,HR,37425.94,2023-04-18,35
33,Kristine,Roberts,elizabethwhite@yahoo.com,Finance,64355.51,2022-02-02,59
34,Robert,Duke,unguyen@yahoo.com,Marketing,49302.91,2020-02-04,48
35,Kenneth,Phillips,michael73@webb.com,Finance,51958.01,2021-11-01,40
36,Douglas,Webster,wcarey@ray.biz,Finance,96160.89,2024-10-11,26
37,Dylan,Warner,robertschristopher@wilkerson.org,IT,57348.57,2022-12-15,31
38,Anthony,Moran,pearsonmichael@schmidt-hernandez.info,Marketing,61178.71,2022-07-17,33
39,Jessica,Stokes,robertjones@gmail.com,IT,60328.03,2022-12-24,24
40,Katie,Gordon,stephaniegill@hotmail.com,HR,77255.03,2021-12-28,37
41,Kathleen,Bailey,zthompson@smith-wall.com,Finance,92873.35,2024-11-22,24
42,James,Vaughn,jessicaperez@hall.com,HR,47270.87,2023-11-18,51
43,Jaime,Evans,millerkathleen@fuller.info,HR,31594.03,2020-04-21,55
44,Vanessa,Rosario,angela21@yahoo.com,Marketing,65408.88,2021-04-15,42
45,Dwayne,Kline,zjenkins@shaffer.com,HR,55993.32,2023-04-17,31
46,Jeremiah,Silva,richardsonmichael@hotmail.com,HR,34163.36,2021-12-23,46
47,Michelle,Perez,waterscharles@gmail.com,Finance,44352.52,2023-11-29,29
48,Ricardo,Wilson,michaelhawkins@hotmail.com,IT,31024.79,2022-12-27,60
49,Barbara,Gay,zkim@yahoo.com,IT,87649.9,2021-04-16,53
50,Eugene,Taylor,chadmcdonald@mitchell.com,Finance,35104.03,2023-01-09,38
51,Joshua,Freeman,smithkarl@li.org,Finance,35893.46,2023-03-25,59
52,Melissa,Garcia,anthonypeters@yahoo.com,HR,49094.01,2021-06-20,51
53,David,Flynn,riveraangel@hotmail.com,Operations,35475.54,2023-03-09,55
54,Steven,Robinson,westariana@griffith-shepherd.info,HR,41451.52,2022-12-08,25
55,Thomas,Davis,arnoldsean@allen.com,Operations,61914.65,2022-12-08,33
56,Larry,Vargas,jonesjames@hotmail.com,Finance,43182.66,2022-09-23,51
57,William,Hodge,judy34@ferrell-garrett.com,Operations,60669.47,2024-05-27,41
58,David,King,louismendoza@nguyen.org,Finance,32339.87,2021-10-28,39
59,Fred,Nicholson,vthomas@yahoo.com,HR,59827.76,2020-01-29,52
60,Rickey,Moore,rjohnson@russell-morgan.com,Operations,77195.29,2022-12-30,30
61,Michael,Carlson,conniemorris@yahoo.com,HR,37731.53,2020-07-13,36
62,Christy,Martin,tcarr@davis.org,IT,38943.3,2020-05-21,28
63,Alexis,Rodriguez,kayla91@yahoo.com,IT,75687.13,2020-10-18,36
64,Susan,Parker,richardsonchristopher@gmail.com,Operations,77946.72,2020-06-19,42
65,Donna,Gibbs,milleralicia@johnson.com,HR,98453.91,2024-09-26,23
66,Stephen,Cox,laura89@hotmail.com,Finance,57193.92,2023-05-11,34
67,Andrew,Evans,sfields@jimenez.org,Operations,97693.15,2021-07-27,35
68,Kathleen,Mcintyre,rebeccalopez@guzman.com,Marketing,41015.44,2022-08-24,46
69,Sheri,Clark,william03@gmail.com,Finance,63724.89,2023-08-07,42
70,Cassandra,Lee,jensenlisa@warner-dixon.org,Finance,74820.04,2024-05-05,57
71,Tiffany,Allen,phillipdunn@gmail.com,Marketing,69740.45,2020-05-30,29
72,Roberto,Frost,saraferguson@hotmail.com,HR,97048.59,2024-10-17,53
73,Robert,Grant,gburns@yahoo.com,Marketing,91798.22,2024-03-18,32
74,Joshua,Powell,utravis@harris-tucker.com,Finance,42744.06,2022-03-16,56
75,Ricardo,Johnson,susancollier@gmail.com,Finance,58864,2023-07-20,31
76,Kyle,Durham,bhenry@weaver.com,Marketing,51792.55,2023-05-16,31
77,Shawn,Banks,adamsdale@hamilton-baldwin.org,Operations,79243.09,2022-08-28,26
78,Brian,Campbell,warecarrie@hotmail.com,Finance,73643.21,2023-07-30,59
79,Michael,Diaz,nortonkristine@hotmail.com,Marketing,63084.86,2020-07-25,35
80,Aaron,Foster,ramirezdaniel@anderson.com,HR,90474.37,2024-02-09,56
81,Frank,Harper,dannymacdonald@gmail.com,Operations,89616.97,2024-11-24,60
82,William,Williams,cynthia43@evans.com,Marketing,72750.58,2022-03-28,59
83,Regina,Cruz,iclarke@gmail.com,HR,67870.5,2020-07-08,54
84,Brandy,Perry,matthew41@lee-raymond.com,Marketing,77254.08,2021-10-27,54
85,Betty,Griffin,carnold@jones.net,Finance,99398.29,2024-11-23,55
86,Amy,Williams,uromero@adkins.com,IT,37718.75,2022-04-17,58
87,Jacob,Monroe,cjimenez@barber.com,HR,50172.7,2021-07-04,27
88,Jill,Hall,ericcosta@williams-long.net,Finance,78092.13,2022-09-11,53
89,Alexandra,Richmond,valdezmatthew@gmail.com,Operations,63588.59,2023-01-03,22
90,Tyler,Powers,gperry@keith-thomas.com,Operations,64827.2,2024-05-18,22
91,Jonathan,Thompson,jwalker@gmail.com,HR,62490.56,2020-06-28,53
92,Ashley,Martin,wilsonjoel@hotmail.com,HR,50046.33,2023-12-21,32
93,Carmen,Mccoy,simsmarvin@hotmail.com,HR,57355.47,2023-11-20,58
94,Joy,Livingston,vknox@yahoo.com,Marketing,42493.99,2024-04-06,38
95,Catherine,Williamson,pauljohnson@lawrence.net,Finance,95067.49,2023-01-26,29
96,Patricia,Patrick,charles41@hotmail.com,Marketing,79539.11,2021-04-22,59
97,Benjamin,Cruz,mendozakristina@gmail.com,Operations,98354.94,2024-09-02,59
98,Terry,Gallegos,chansamuel@hotmail.com,HR,52962.04,2021-10-13,36
99,Dawn,Byrd,raymondtodd@mcdonald.info,HR,41234.1,2020-04-30,53
100,Carrie,Acevedo,sanchezalexander@yahoo.com,HR,41857.01,2022-01-17,37
101,Ricardo,White,paul70@hotmail.com,HR,88300.52,2022-10-21,22
102,Emily,Nelson,anthonyorozco@alvarez.com,Finance,68770.78,2022-01-19,45
103,Tanya,Thomas,ncastillo@gonzalez.org,Finance,67611.84,2021-09-13,29
104,Andrew,Mcgee,ehampton@alvarez.com,HR,85405.07,2020-08-23,59
105,Michael,Fritz,fritzlauren@thomas.net,Marketing,64378.1,2021-08-06,35
106,Danielle,Bush,pamela25@bauer-martin.com,Operations,38389.78,2021-07-25,40
107,David,Craig,kwells@yahoo.com,Marketing,38181.22,2021-10-22,25
108,Maurice,Crosby,jasmineyoung@yahoo.com,Finance,96784.58,2023-06-04,54
109,Heather,Wood,kimberly58@banks.biz,HR,75964.82,2020-06-28,55
110,Jessica,Lawrence,nperez@thompson.com,Operations,83933.68,2022-09-01,27
111,Austin,Nichols,pkelly@hartman-terry.com,Finance,48184.56,2022-08-26,22
112,Betty,Cardenas,johnholland@gmail.com,Finance,39584.67,2024-07-20,56
113,Raymond,Roberts,mary93@bailey.biz,Marketing,66642.13,2022-08-20,60
114,Nancy,Kelley,osmith@ward.com,Marketing,54063.49,2021-12-07,26
115,Stephanie,Brooks,deborahperez@yahoo.com,HR,75502.1,2023-10-04,30
116,Olivia,Hughes,zunigasandra@morales.biz,Operations,92492.73,2023-08-07,42
117,Alyssa,Rivera,laurie54@lewis.info,IT,44335.7,2023-11-23,46
118,Stacey,Gonzalez,vsilva@gmail.com,HR,96035.66,2024-07-01,41
119,Natalie,Mccormick,renee82@yahoo.com,Operations,84462.16,2021-04-27,51
120,Mary,Smith,julieharris@hall.biz,IT,44144.75,2020-03-06,22
121,Walter,Villanueva,teresaruiz@washington.com,Marketing,65796.03,2022-09-19,41
122,Elizabeth,Perkins,andersonlaurie@gmail.com,Operations,88243.31,2021-10-30,26
123,Debbie,Phillips,xblake@hotmail.com,IT,56673.08,2023-02-18,58
124,Darryl,Evans,martincharlene@gutierrez-scott.com,Finance,38116.58,2021-07-26,23
125,Marisa,Hines,wendy29@yahoo.com,HR,82784.71,2020-06-18,44
126,Ricky,Jimenez,pattersonalyssa@hardy.info,IT,92445.46,2024-11-27,49
127,Michelle,Underwood,jamesjohnson@williams.com,Operations,95090.64,2024-06-24,48
128,Kelly,Riley,gary82@evans.com,IT,95520.11,2020-07-01,32
129,Melanie,Doyle,hopkinsbrenda@barker-mueller.com,IT,47098.33,2021-05-09,41
130,Jennifer,Fox,olynn@gmail.com,HR,61777.14,2020-08-02,37
131,Natasha,Miranda,xking@mosley.com,Operations,75664.19,2024-05-24,44
132,Jessica,Thomas,davidsuarez@yahoo.com,IT,69013.19,2020-10-15,32
133,Robert,Johnson,washingtonbrett@hotmail.com,IT,95982.02,2023-07-30,25
134,Samantha,Moore,michelle61@gray-arnold.info,IT,76487.68,2022-12-17,24
135,Ronald,Terry,aoliver@yahoo.com,Marketing,86004.5,2021-02-06,39
136,Samuel,Benson,denise06@rojas.com,Finance,93215.95,2023-09-02,44
137,Paul,Werner,ryankelly@schroeder.net,HR,79814.91,2023-05-29,38
138,Thomas,Booker,angelaneal@yahoo.com,HR,96685.45,2024-07-18,43
139,Jennifer,Norris,michellefitzpatrick@parks.net,Marketing,78256.39,2022-07-27,54
140,Shawn,Wright,nwilliams@hotmail.com,Operations,39532.15,2024-02-28,28
141,Henry,Hampton,bobbyramos@craig.com,Marketing,98629.17,2022-07-31,34
142,Amanda,Bruce,ablackwell@hernandez.com,IT,96446.84,2022-10-09,59
143,George,Leach,jonesjames@arnold-rios.com,HR,69553.01,2021-01-28,37
144,Anthony,Nelson,jacksonemily@yahoo.com,IT,59409.65,2020-07-07,48
145,Mary,Gentry,michellepena@hotmail.com,Finance,59668.66,2024-10-31,41
146,Mia,Harris,johnnyreyes@gilmore.com,Finance,70054.78,2020-04-18,42
147,Laura,Marquez,susan52@hotmail.com,HR,78043.71,2023-11-07,56
148,Michael,Green,nwilliams@robles.com,HR,40791.26,2021-02-18,59
149,William,Phillips,allenchristopher@rivera.com,Marketing,58037.21,2023-05-13,26
150,Alejandro,Carlson,alexanderlawson@anderson.com,Finance,31515.61,2023-06-01,22
151,Collin,Meyers,wesleyreyes@hudson.com,Marketing,92177.09,2022-06-14,23
152,Sarah,Garner,ericagrant@hotmail.com,HR,32007.84,2019-12-25,60
153,James,Peterson,jessica72@gmail.com,HR,48794.48,2021-03-16,49
154,Miranda,Brown,walkermichelle@herrera.org,Finance,75145.77,2021-12-08,57
155,Carl,Reed,lauren34@hotmail.com,Marketing,51031.46,2024-10-13,28
156,Kristina,Lozano,uperez@snow-mcdaniel.com,IT,66107.93,2020-01-20,55
157,Kimberly,Krause,taylorfox@williams-brock.com,Marketing,35367.11,2023-03-26,54
158,Michelle,Hicks,ashleyschwartz@perez.com,Finance,90610.91,2021-06-03,56
159,Sharon,Washington,wfranklin@hotmail.com,HR,73190.6,2023-04-04,23
160,Melissa,Cline,amanda20@walker.com,Finance,96859.2,2021-11-25,24
161,Raymond,George,eadams@stone-smith.net,IT,53840.04,2020-09-19,60
162,Jermaine,Brown,paulsmith@yahoo.com,Finance,77806.3,2022-01-04,24
163,Autumn,Martinez,efranklin@clark.com,IT,49900.39,2022-12-11,51
164,Christopher,White,david41@flowers.org,IT,57815.21,2022-08-15,47
165,Terry,Stewart,mooreraymond@rios-henry.org,Operations,87390.22,2020-05-19,30
166,Jeffrey,Parker,sarahray@turner-alexander.com,IT,86165.43,2024-02-15,38
167,Michael,Morris,chandlerryan@rowland-smith.com,Operations,67114.27,2021-03-16,51
168,Angela,Morris,tyleribarra@hotmail.com,IT,40796.29,2020-11-23,30
169,Samantha,Brown,beckerbobby@rasmussen-sanders.com,HR,52076.52,2021-03-30,52
170,Jennifer,Jackson,xthomas@yahoo.com,IT,84774.45,2023-07-17,23
171,Valerie,Booth,qparker@yahoo.com,HR,58303.11,2023-07-02,58
172,Alicia,Wolf,wdavis@brown.info,HR,53398.54,2023-03-27,60
173,Robert,Smith,christine55@gmail.com,Finance,55711.11,2021-05-21,24
174,Stephen,Knight,kaiserjeanne@andrade.com,IT,66166.49,2023-09-07,33
175,Willie,Ramos,douglas05@guerrero-robinson.com,Marketing,48446.38,2024-06-08,40
176,Maria,Maddox,smithwilliam@johnson.info,HR,31936.1,2022-07-26,57
177,Katie,Williams,davisrobert@jenkins.com,IT,85924.95,2022-07-24,48
178,Michele,Davis,qcox@gmail.com,Operations,64518.81,2020-12-25,44
179,Noah,Jenkins,ethansingh@yahoo.com,Finance,63930.92,2021-08-06,32
180,Jamie,Wood,brittanydillon@hotmail.com,HR,61960.44,2022-10-25,35
181,Kelly,Mejia,josephmclean@williams.com,IT,67123.69,2023-08-12,56
182,Samantha,Adams,bsmith@gmail.com,Finance,52614.66,2024-06-09,60
183,Tina,Silva,mitchellrebecca@hotmail.com,HR,72459.85,2021-07-10,45
184,Stacey,Schneider,michaelmatthew@walker.com,Marketing,59386.27,2023-07-27,49
185,Nancy,Alexander,bgomez@cohen-white.com,Operations,31897.11,2021-10-28,31
186,Madison,Davis,prattmandy@yahoo.com,HR,63644.58,2024-11-05,57
187,Kristina,Martinez,yoderkenneth@howard-reese.com,Marketing,99644.45,2024-05-17,58
188,Eric,Clarke,uproctor@hotmail.com,IT,47090.34,2020-04-22,43
189,Kerry,Roberts,baxterjoseph@simmons.com,IT,47842.91,2022-11-26,32
190,Jennifer,Hicks,zayers@long.info,Finance,43961.97,2023-07-23,52
191,David,Johnson,lauramontgomery@hotmail.com,Finance,74405.6,2023-04-06,31
192,Michael,Smith,robertjones@hotmail.com,IT,96986.85,2023-10-30,58
193,Justin,Bartlett,kellydana@reynolds.com,Finance,81295.65,2023-11-01,57
194,Ashley,Castillo,acarter@orozco.com,HR,92022.93,2024-11-12,34
195,Frank,Martin,stephensbrenda@hotmail.com,Finance,51198.98,2023-12-16,35
196,Garrett,Hughes,hhart@yahoo.com,HR,31785.83,2024-06-15,46
197,Jonathan,James,jasminerodriguez@reed.com,Finance,60562.67,2024-01-04,35
198,Alexandra,Lester,youngwilliam@gmail.com,Operations,97142.6,2021-06-16,50
199,Kelly,Mendoza,thomasfisher@mcneil.info,Finance,99277.04,2020-01-15,42
200,Brandon,Cuevas,colemanchristopher@kelly.net,Marketing,78097.93,2020-02-04,45
201,Ray,Hall,ldavidson@hotmail.com,Operations,46623.79,2022-06-27,53
202,Todd,Jones,fgutierrez@hotmail.com,Operations,81495.45,2020-05-16,34
203,Bradley,Bean,john12@gmail.com,HR,47389.5,2024-04-22,46
204,David,Stevenson,huntmary@jones.com,Marketing,59048.78,2020-10-30,31
205,Tiffany,Rose,maria90@yahoo.com,HR,42230.53,2022-05-09,54
206,Elizabeth,Maynard,tinasmith@yahoo.com,Operations,92737.85,2023-11-11,50
207,Rodney,Curry,matthewkim@zamora.com,HR,91764.93,2021-02-26,26
208,Adrian,Lewis,lori79@yahoo.com,HR,91344.97,2022-07-27,57
209,Daniel,Waters,garycasey@baldwin.info,Marketing,36835.93,2022-01-10,40
210,Lisa,Williams,qbrown@smith.com,HR,60210.51,2023-01-17,26
211,Brian,Mitchell,imendez@yahoo.com,HR,36112.31,2021-06-08,35
212,Teresa,Howard,courtney51@hotmail.com,HR,69423.75,2022-07-25,44
213,Eric,Smith,madison41@bishop.com,Operations,32640.88,2022-07-08,39
214,James,Kennedy,kimberly74@hotmail.com,Operations,85152.36,2023-06-01,54
215,Holly,Gonzalez,emilymays@gentry.com,Marketing,58883.47,2021-06-13,58
216,Matthew,Smith,xwatkins@adams-jones.com,Marketing,48011.01,2023-04-18,28
217,Jill,Mccarthy,suarezpeter@hotmail.com,Operations,70908.83,2023-11-07,22
218,Kevin,Rodriguez,amandamurray@gmail.com,IT,38281.78,2023-11-17,27
219,Rebecca,Livingston,paynedavid@yahoo.com,Operations,35347.06,2022-06-02,58
220,Katie,Goodwin,mark48@gmail.com,IT,47370.88,2021-02-04,26
221,Mary,Dean,davidberry@gmail.com,Operations,45157.82,2023-06-05,54
222,Julie,Lane,wcollier@smith.info,HR,80795.63,2023-11-08,49
223,Todd,Brown,megankelley@hotmail.com,Finance,63927.3,2024-05-27,46
224,Brett,Mcdonald,joseph90@jennings.com,Finance,54864.48,2022-03-24,36
225,Lonnie,Martin,craigjoanna@banks.com,Finance,43151.65,2022-06-17,59
226,Riley,Lambert,stephanieortiz@booth.com,HR,61863.82,2024-10-10,22
227,Marissa,Evans,ann91@gmail.com,HR,36170.45,2020-10-28,54
228,Michelle,Taylor,abbottleslie@hotmail.com,Marketing,90016.84,2022-04-24,41
229,Austin,Barry,jefferylarson@chavez.com,Marketing,83931.26,2022-04-18,25
230,James,Padilla,michael71@hotmail.com,IT,94536.32,2020-03-08,27
231,Robert,Torres,lgonzalez@gray-colon.com,IT,83708.62,2022-12-22,46
232,Ryan,Ellis,kentmichele@delgado.org,Operations,60257.36,2024-10-19,29
233,Lisa,Morgan,smithbarbara@powell.com,Operations,90939.23,2023-05-22,39
234,Jessica,Thompson,chandlerscott@hotmail.com,HR,46977.72,2024-06-11,24
235,Kristin,Meadows,adriennesharp@brown.com,IT,81983.07,2021-07-27,35
236,Mariah,Dickerson,lauracantrell@hotmail.com,Finance,76333.55,2020-09-24,36
237,Stacey,Dalton,annettenguyen@houston.com,Marketing,89916.17,2020-08-24,48
238,Tyler,Brown,coopersamantha@johnson.com,Marketing,33331.79,2020-05-08,60
239,Taylor,Byrd,ralph74@sanders.com,Operations,66327.77,2024-05-05,58
240,Patricia,Richardson,myersrebecca@downs-sharp.com,Operations,65795.11,2019-12-10,38
241,John,Clark,erodriguez@yahoo.com,Marketing,38840.16,2022-01-14,42
242,Maxwell,Goodman,santanaphyllis@greene.com,Operations,94485.99,2024-11-22,46
243,Kristopher,Wheeler,gibsonkyle@hotmail.com,HR,77972.85,2023-05-21,56
244,Justin,Lynch,oramsey@gmail.com,Finance,89298.17,2023-05-02,58
245,Caitlin,Lane,katelynthomas@farley-nichols.com,HR,39725.54,2021-05-19,34
246,Michael,Thomas,jamesguzman@lawson-anderson.com,Marketing,49598.94,2021-12-16,55
247,John,Stevens,brandonjones@yahoo.com,HR,44606.03,2021-10-02,29
248,Patrick,Suarez,rochajustin@dyer.com,Operations,59901.89,2021-11-29,55
249,Lisa,Hodges,brownjames@yahoo.com,IT,52268.68,2021-04-21,60
250,Melissa,Webster,baxterlawrence@cortez.net,HR,34912.03,2022-06-01,40
251,Brian,Wright,robert99@yahoo.com,Finance,54407.75,2020-01-05,50
252,Melissa,Becker,xmoses@sanchez-lewis.com,Operations,55648.63,2023-01-05,29
253,Casey,Cooke,ykeith@yahoo.com,IT,84506.32,2022-08-24,32
254,Colleen,Ward,brianhill@gmail.com,HR,46930.43,2021-11-02,37
255,Ashley,Williams,willielopez@yahoo.com,HR,82543.43,2020-02-01,38
256,Eric,Miller,bakerstephanie@yahoo.com,IT,84968.51,2020-11-09,23
257,Jonathon,Kelly,kingjoshua@hotmail.com,HR,65750.3,2021-08-05,32
258,Elizabeth,Gates,kking@gmail.com,Finance,38915.66,2020-07-22,57
259,Jodi,Oneill,shawraymond@adams-ochoa.com,HR,55058.86,2021-12-31,33
260,Michael,Taylor,sanderscameron@hotmail.com,HR,34314.43,2020-09-19,46
261,Alan,Diaz,patricia73@david.com,IT,49346.43,2023-03-18,56
262,Katherine,Moreno,mcclainvalerie@baker-flowers.org,Marketing,55157.9,2024-01-31,23
263,Joseph,Smith,sara54@yahoo.com,Marketing,67370.96,2021-05-06,47
264,George,Robertson,hhaney@pierce.com,Marketing,39353.21,2023-10-04,50
265,Adam,Warren,thompsonpatricia@yahoo.com,Operations,92649.15,2023-01-07,58
266,Dave,Hammond,castanedacarrie@yahoo.com,Operations,66760.48,2022-03-28,54
267,Jaclyn,Gonzalez,cjones@davis.com,IT,60457.65,2021-07-07,24
268,Tracy,Wood,nancy90@moreno.com,IT,86638.36,2020-04-12,45
269,Sharon,Sanchez,ujohnson@hotmail.com,Operations,94587.07,2024-04-04,50
270,Robert,Clark,pateldavid@butler.com,Marketing,36501.15,2024-07-19,24
271,Donna,Williamson,margaret36@hotmail.com,Operations,41766.32,2023-01-30,25
272,Tyler,Pratt,joanna54@gmail.com,Marketing,82003.27,2020-08-27,47
273,Christina,Rodriguez,ruizdonna@gmail.com,Finance,57127.82,2022-04-16,60
274,Debbie,Briggs,aprilsullivan@griffin.com,Marketing,98254.18,2024-01-10,44
275,Danielle,Washington,yavila@moreno.info,HR,50853.15,2022-12-13,47
276,Michelle,Miller,michael10@manning-dunlap.com,Finance,82903.44,2021-06-06,39
277,Jean,Calhoun,kellybrittany@wright.org,Finance,69422.3,2023-03-21,54
278,Kelly,Jensen,lynchbrandon@gmail.com,Operations,58404.76,2024-07-16,46
279,April,Larsen,michaelmoore@carter-paul.biz,Finance,58951.26,2021-02-09,23
280,Jeremy,Ibarra,douglassilva@hotmail.com,Marketing,56982.69,2020-10-14,23
281,Tammie,Klein,josephperry@gmail.com,Finance,62512.86,2021-08-29,53
282,Martin,Heath,heidi29@baker.com,IT,49368.61,2024-10-10,38
283,Kim,Hammond,melinda84@johnson.com,HR,90917.35,2024-07-09,38
284,Michele,Ellis,diana70@yahoo.com,Finance,41902.63,2021-04-30,60
285,Ashley,Barry,cbrown@yahoo.com,Marketing,47920.41,2023-10-08,25
286,Cynthia,Anderson,ukelly@gonzalez.com,HR,79942.93,2021-11-15,50
287,Mark,Brown,jamie58@hotmail.com,Operations,30811.46,2024-10-25,29
288,Erica,Caldwell,richardthomas@gmail.com,HR,75627.38,2020-06-29,25
289,Julie,Fox,noblechad@hotmail.com,HR,98667.7,2021-08-16,46
290,Thomas,Lewis,jacksontara@hotmail.com,HR,85008.82,2021-08-26,47
291,John,Fitzpatrick,ashleyjohnson@hotmail.com,HR,86338.68,2022-08-09,53
292,Cynthia,Thomas,nmelton@small-hughes.com,HR,41969.41,2023-08-26,26
293,April,Lawrence,pfarmer@tyler-hill.com,Marketing,92850.09,2023-01-07,31
294,Matthew,Guerrero,joshuatucker@zuniga.org,IT,67867.41,2024-07-06,29
295,Karen,Donaldson,louis76@padilla.com,HR,46485.81,2022-11-25,43
296,Mary,Kennedy,kelleyerik@rodriguez-romero.info,Marketing,87357.82,2020-09-19,23
297,Tonya,Olson,austinsmith@yahoo.com,Finance,71725.78,2020-08-30,34
298,Kelly,Murphy,lacey02@baker-jimenez.com,Operations,61072.6,2021-10-25,37
299,Robert,Weaver,joshua18@hotmail.com,IT,94593.15,2023-08-16,33
300,Matthew,Johnson,katie16@wood.com,Operations,62453.44,2024-06-08,55
301,Nathan,Smith,vstewart@harvey.com,Operations,70250.42,2020-03-22,26
302,Michael,Hernandez,amanda32@yahoo.com,IT,37367.21,2022-11-20,30
303,Cameron,Harrington,jmeyer@leach.com,HR,55541.89,2022-04-16,59
304,Wendy,May,stephensdavid@miller.info,IT,86333.77,2021-06-14,56
305,Joseph,Watson,grimeskimberly@salazar.info,Operations,99160.74,2022-06-27,45
306,Scott,Deleon,colegrant@pace.org,Operations,43522.3,2023-06-03,43
307,Amanda,Parker,barrettjeanette@hotmail.com,HR,30501.85,2023-12-09,26
308,Donna,Good,valerie25@jones-drake.com,Marketing,51977.48,2020-09-25,24
309,Blake,Farmer,prosales@hotmail.com,IT,66745.29,2023-04-01,35
310,Mary,Hurst,whitenoah@yahoo.com,Operations,59485.71,2024-01-05,35
311,Paul,Jackson,williamsriley@allison.com,Finance,92567.85,2024-06-15,29
312,Judy,Paul,joseph03@yahoo.com,IT,76786.67,2023-08-13,25
313,Paul,Johnston,zachary08@gmail.com,Finance,92469.09,2024-08-08,37
314,Ashley,Bryant,qberry@yahoo.com,Operations,42153.86,2022-05-03,46
315,Heather,Lane,mcdonaldelizabeth@hotmail.com,Marketing,82759.74,2023-06-01,45
316,Kimberly,Rodriguez,jonathansexton@gmail.com,Finance,45284.74,2023-08-25,55
317,Cody,Carter,karanorris@hotmail.com,Finance,69323.64,2022-07-15,47
318,Gabriella,Ramos,timothy93@yahoo.com,HR,88850.2,2020-09-15,23
319,Frank,Waters,russellwilliam@yahoo.com,Finance,68040.43,2022-08-26,29
320,Christopher,West,crystal89@bennett-fitzgerald.com,Marketing,58670.96,2022-01-27,31
321,Carly,Smith,xjohnson@campbell.org,HR,43724.71,2020-04-05,35
322,Kristina,Stokes,spearslori@yahoo.com,Finance,41053.55,2022-07-01,49
323,Ricky,Gross,morgannancy@hotmail.com,Marketing,51508.56,2024-10-06,22
324,Vanessa,Jackson,qhood@yahoo.com,HR,69330.56,2022-05-09,59
325,Robert,Cain,teresapoole@hotmail.com,Operations,41329.44,2020-03-22,31
326,Kelly,Peck,kyle09@hotmail.com,Operations,93076.69,2024-11-16,39
327,Andrew,Joseph,williamsoncharles@rodgers.com,Marketing,45714.45,2021-03-23,44
328,Eric,Wallace,dylanshannon@miller.info,HR,69255.21,2024-02-01,53
329,Donna,Allen,edwardsjoanna@smith-fleming.com,Finance,92277.56,2021-03-08,49
330,Melissa,Robertson,michaelfreeman@hotmail.com,HR,67912.18,2024-09-24,49
331,Michelle,Lamb,bennettwilliam@smith.biz,HR,33319.16,2021-10-08,22
332,Donna,Hernandez,mherrera@gmail.com,IT,80185.43,2020-02-24,45
333,Luis,Simpson,csalazar@gmail.com,Marketing,90491.25,2021-12-17,36
334,Joseph,Lopez,justin96@gmail.com,HR,88812.05,2024-02-14,47
335,Mark,Hernandez,nicholsonkrista@gmail.com,Operations,64112.84,2021-03-11,23
336,Ronald,Allen,tinabarnes@long-young.com,Operations,89925.39,2021-06-16,59
337,Michael,Vazquez,ilamb@gmail.com,Operations,42863.31,2020-09-06,52
338,Autumn,Sparks,keithstout@jones-brown.biz,IT,56595.67,2022-08-24,33
339,Cassandra,Baxter,btucker@booth-franklin.com,Operations,66981.66,2021-05-02,25
340,Clifford,Wells,melissa54@sweeney-malone.biz,HR,74324.3,2023-02-28,43
341,Tammy,Erickson,ncase@hotmail.com,Operations,68097.43,2024-07-01,36
342,Michelle,Ewing,robertthomas@parker.biz,HR,52299.65,2023-10-15,59
343,Katherine,Ortiz,thomashill@hamilton.com,IT,56223.11,2022-12-29,59
344,Carlos,Montgomery,meganbarber@meyer.com,Marketing,39675.15,2022-05-19,41
345,Alice,Waller,carriefletcher@gmail.com,HR,62539.1,2022-09-10,27
346,Lori,Mcclure,wanda90@gmail.com,Marketing,93482.76,2024-08-01,43
347,Patrick,Miller,mcphersonlinda@adams.com,Finance,69154.14,2020-06-14,40
348,Joshua,Kelley,ypaul@hotmail.com,HR,56431.43,2021-04-11,52
349,Bruce,Smith,gdean@hotmail.com,Marketing,36226.94,2019-12-10,37
350,Jason,Boone,daniellewright@gmail.com,IT,98618.71,2024-06-29,40
351,Sarah,Miller,qhayes@smith-foster.com,HR,71823.84,2023-12-30,29
352,Juan,Sawyer,gmoore@gmail.com,Marketing,56350.59,2021-03-31,40
353,Sheri,Weber,taylorheather@yahoo.com,IT,66018.44,2024-10-26,54
354,Cathy,Rivera,kristi83@wilkins.com,HR,60697.68,2022-07-20,22
355,Daniel,Gonzalez,mstein@thompson.org,Operations,92251.56,2020-01-03,24
356,Cynthia,Sexton,nicolehays@yahoo.com,HR,33170.78,2020-11-29,33
357,John,Deleon,pmccarthy@hernandez-burnett.net,HR,64204.86,2023-04-05,35
358,Darlene,Moore,paulanderson@gmail.com,Marketing,82538.95,2023-08-26,39
359,Linda,Rivera,fmoore@hotmail.com,Operations,82788.39,2020-06-12,26
360,Roberto,Villarreal,joseph95@johnson.biz,IT,36628.35,2021-01-24,59
361,John,Mason,whitneyfitzgerald@gmail.com,IT,71581.02,2021-07-28,31
362,Brittany,Suarez,karen35@simon.com,Operations,83211.96,2023-08-17,22
363,Jocelyn,Brown,amanda24@yahoo.com,Finance,37932.82,2020-03-15,59
364,Sheri,Myers,sduncan@gmail.com,IT,91853.56,2021-11-25,33
365,Nicole,Morales,tina24@gmail.com,Operations,76567.72,2023-10-02,41
366,Kimberly,Herring,jasminephillips@king.com,Operations,76372.96,2023-09-01,26
367,Kayla,Meyer,randy19@aguilar-turner.net,Finance,50236.92,2022-12-22,28
368,Jennifer,Wilson,salinastodd@bowers-daniel.net,Operations,74424.26,2023-11-01,30
369,James,Mcbride,burkebrooke@hotmail.com,Marketing,88508.89,2024-02-27,42
370,Angela,Johnson,brenda59@murphy.org,Marketing,90341.03,2023-04-25,27
371,Angel,Porter,fbenson@medina.com,HR,96593.95,2021-02-27,39
372,Sabrina,Hendricks,williamsmarc@miller-best.org,Finance,73909.43,2021-10-07,45
373,Robert,Cruz,dominique16@scott-martinez.com,Finance,48129.81,2021-07-04,36
374,Chad,Martin,haley76@white.com,Operations,35613.26,2023-03-31,29
375,Michael,Miller,kathleen89@vaughn-frederick.biz,Marketing,70228.87,2023-05-15,26
376,Kenneth,James,warnerjamie@gmail.com,Finance,69447.77,2021-01-15,49
377,Elizabeth,Torres,derektucker@kemp.com,IT,86194.62,2024-08-24,31
378,Lauren,Koch,ramoslisa@hernandez-thomas.info,Marketing,90433.67,2022-11-27,23
379,Brian,Thomas,shawn76@sosa.com,IT,89838.52,2022-10-27,43
380,Gina,Guzman,jgalvan@yahoo.com,HR,90868.84,2023-01-14,56
381,Melvin,Wallace,victoria11@wood.com,Operations,65710.06,2021-08-06,58
382,Steven,Hunt,erogers@anderson-yang.com,Operations,61441.19,2021-06-14,55
383,Amanda,Robinson,briannajames@yahoo.com,HR,84871.21,2020-12-09,57
384,David,Nelson,laurahernandez@gallagher.com,Finance,70172.76,2020-10-14,33
385,Christopher,Miller,samuel35@gmail.com,IT,44018.89,2023-03-24,34
386,Ashley,Peterson,yerickson@guerrero.com,IT,30102.76,2022-10-18,49
387,Billy,Gibson,daguilar@gmail.com,IT,35288.85,2023-04-16,58
388,Megan,Dunn,thomaswest@yahoo.com,Finance,82434.32,2021-10-27,54
389,Ryan,Sellers,jzimmerman@white.com,Finance,82652.69,2020-10-02,40
390,Anna,Khan,sanderson@gmail.com,HR,51371.36,2024-05-08,41
391,Leslie,Gonzalez,thoward@harvey.com,Marketing,83864.73,2024-07-28,52
392,Thomas,Harris,tonya38@patterson-thompson.com,IT,38518.89,2024-10-01,53
393,Samantha,Potter,jonathan76@yahoo.com,IT,49388.56,2021-06-15,40
394,Penny,Ingram,salinassara@yahoo.com,HR,96482,2020-12-12,43
395,Zachary,Snow,christinefowler@gmail.com,Operations,91679.45,2023-05-26,57
396,Anna,Huang,hernandezbobby@fleming.com,Marketing,46762.12,2020-01-07,35
397,Stephen,Smith,rodriguezamanda@gmail.com,IT,52391.58,2020-11-27,43
398,Holly,Nelson,brendakennedy@turner-zimmerman.info,Marketing,89488.25,2021-10-20,46
399,Karen,Campbell,tamara74@hotmail.com,IT,91227.56,2022-12-24,35
400,Christina,Edwards,dannyramirez@yahoo.com,Marketing,97886.57,2023-03-24,22
401,Jeffrey,Robertson,andrewsjeffrey@mitchell.net,Operations,34103.02,2024-01-22,27
402,Jill,Daniel,kevin13@hotmail.com,IT,71817.32,2020-06-20,43
403,Brianna,Morgan,pkelly@sanders-anderson.org,Operations,32507.18,2023-08-06,59
404,Pamela,Johnson,molinaheather@potter.com,Marketing,89159.6,2021-11-11,35
405,Melissa,Frazier,morgansims@bruce.info,HR,34023.42,2023-09-30,46
406,Megan,Gomez,johnhurley@hotmail.com,Operations,91382.24,2020-12-21,22
407,Ruben,Gregory,dunnchristina@jones.net,Finance,98529.36,2023-08-15,29
408,Melinda,Smith,austinpatton@gmail.com,IT,31775.92,2021-08-24,47
409,Ryan,Johnson,sarah98@hotmail.com,Operations,53167.7,2020-06-24,34
410,Yvonne,Nelson,beckjustin@garza.net,IT,61106.99,2024-09-04,57
411,Joshua,Aguilar,hendersonkelly@gardner.com,Finance,90940.26,2021-07-26,52
412,James,Martinez,solisstacey@martin.biz,Operations,91281.87,2023-05-19,41
413,Dennis,Bryant,dunnsteve@marshall.net,Operations,40270.25,2021-03-22,41
414,Steven,French,geraldnelson@gmail.com,HR,41675.08,2021-03-28,28
415,Felicia,Smith,devin68@yahoo.com,Operations,57224.92,2020-01-14,59
416,Patricia,Hamilton,robertthompson@yahoo.com,Operations,67486.74,2021-09-11,24
417,Meghan,Buck,christopher66@hotmail.com,Finance,87892.03,2023-11-15,55
418,Julie,Bush,mackvictoria@yahoo.com,Operations,50243.39,2023-04-06,31
419,Heather,Miller,rbrown@yahoo.com,Marketing,54067.42,2020-09-15,40
420,Rhonda,Pierce,swillis@gmail.com,Finance,53518.38,2024-06-05,32
421,Amanda,Austin,christopher43@yahoo.com,IT,84262.43,2021-10-06,33
422,Michelle,Hill,yharvey@fitzgerald.org,Finance,79789.52,2022-11-19,27
423,Gerald,Wright,acollins@hotmail.com,Marketing,46567.55,2020-09-04,57
424,Thomas,Thompson,townsendmelissa@hotmail.com,Finance,88557.39,2022-02-03,29
425,Bryan,Maddox,paul45@walton.com,Finance,53130.48,2021-07-22,27
426,John,Figueroa,kyle73@ortiz.org,HR,95976.17,2024-10-14,51
427,Lisa,Diaz,beltranstephen@hotmail.com,IT,87108.54,2023-09-15,22
428,Andrea,Warren,nicholascarter@sherman.com,Finance,52099.23,2024-07-16,23
429,Justin,King,upeterson@hotmail.com,Marketing,47529.6,2024-10-11,29
430,Emma,Thomas,kenneth85@hotmail.com,Operations,60215.98,2020-09-22,38
431,Mary,Alexander,huntnoah@wilson.com,Finance,43114.04,2022-08-15,55
432,Richard,Williams,leonjohnson@gmail.com,Finance,32705.12,2021-04-07,43
433,David,Lynch,juliecollins@gmail.com,Marketing,64280.09,2022-01-21,28
434,Erica,Smith,lopezcollin@maxwell.com,Operations,87877.83,2022-02-10,42
435,Raymond,Estrada,wolfmolly@gmail.com,Finance,52997.19,2020-02-09,36
436,Dustin,Nielsen,robert81@hotmail.com,IT,60875.98,2021-04-06,32
437,Faith,Green,ramseykristen@williams-smith.com,IT,99494.27,2021-01-03,36
438,Jonathan,Bailey,lauraallen@knapp.net,IT,63530.76,2024-10-21,32
439,Dustin,Mitchell,kelly51@reyes.com,Operations,36881.34,2022-10-25,56
440,Donald,Smith,xsummers@olson-morris.com,IT,92148.35,2024-11-11,40
441,Julie,Hernandez,stephensnathan@yahoo.com,IT,66634.67,2020-08-30,33
442,Donald,Becker,richard74@arellano.org,Finance,50391.45,2020-02-26,33
443,Lindsey,Nelson,morrowwilliam@yahoo.com,Operations,74828.45,2021-11-11,42
444,Abigail,Oconnell,erios@gmail.com,IT,46059.59,2019-12-16,34
445,Christian,Morris,hannahdavila@hotmail.com,Finance,62664.51,2020-08-18,48
446,Mitchell,Murphy,tjackson@barrett.com,Finance,85482.29,2020-01-16,44
447,Daniel,Larsen,frazierronald@schneider.com,Finance,47067.39,2021-02-02,58
448,Nancy,Wagner,kvargas@sexton.info,Operations,51024.97,2024-06-12,53
449,Marc,Johnson,yshelton@gmail.com,IT,52500.65,2022-06-27,23
450,Julie,Lopez,carolwright@hotmail.com,IT,96601.8,2020-12-08,39
451,Keith,Alvarez,hendersonstephen@kennedy-hawkins.net,IT,68488.18,2022-02-18,56
452,Becky,Hunter,nelsonjulia@yahoo.com,Marketing,56462.94,2024-04-16,41
453,Tanya,Pope,nathanhoward@gmail.com,Finance,95030.98,2021-03-06,51
454,April,Tran,ibutler@schwartz.com,Marketing,91639.47,2023-09-05,33
455,Ryan,Welch,qpitts@yahoo.com,HR,73774.53,2024-04-23,54
456,Derek,Perez,mccormicktaylor@hotmail.com,HR,41852.2,2021-07-09,44
457,Lisa,Green,connorburke@wilson.com,IT,67750.29,2020-10-17,41
458,Laurie,Richard,sean23@thomas-martinez.com,Finance,88912.33,2020-10-19,51
459,Bruce,Harris,yking@hotmail.com,IT,51769.13,2020-03-09,50
460,Joseph,Chavez,deborah63@garner.com,Finance,75081.25,2021-01-07,45
461,Donna,Murphy,carlos64@gmail.com,Finance,36696.71,2024-10-08,34
462,Steven,Perry,jenniferfoley@gmail.com,HR,72323.29,2021-04-14,48
463,Timothy,Gardner,sanchezjesse@cohen.com,Finance,77497.58,2020-12-13,41
464,Shaun,Garcia,ostanton@taylor.com,IT,41268.71,2022-08-19,42
465,Adam,Herrera,jenniferjohnson@gmail.com,IT,77124.97,2024-02-23,41
466,Tonya,Hill,cookscott@yahoo.com,Operations,48064.66,2020-12-21,51
467,Jennifer,Shaw,john62@gmail.com,Operations,84027.62,2020-06-21,58
468,Robert,Payne,washingtonrobert@gamble-acosta.org,IT,69811.18,2023-05-20,50
469,Amy,Ramirez,clarkcrystal@guerrero.com,Operations,76922.5,2020-06-27,53
470,Jillian,Brown,megangarcia@hotmail.com,Operations,62012.52,2023-08-04,47
471,Christopher,Baker,dana24@yahoo.com,Finance,35086.94,2021-02-15,26
472,Rachel,Ray,lori33@summers.com,HR,51650.95,2022-02-15,58
473,Krystal,Fisher,brittany35@martinez.info,Finance,65847.29,2021-09-29,51
474,Sarah,Moses,becky47@marshall.com,IT,64688.27,2023-12-18,24
475,Juan,Diaz,schmidttimothy@gmail.com,Operations,68121.69,2022-09-29,37
476,Melissa,Copeland,todd60@davis.com,IT,85179.69,2024-02-13,36
477,Megan,Garcia,jennifer45@yahoo.com,Finance,87082.57,2020-03-04,53
478,Jessica,Sparks,eguzman@anderson.com,Marketing,81181.01,2022-10-15,29
479,Kimberly,Williams,lhunt@cervantes.com,HR,99774.95,2024-01-23,57
480,John,Morris,hernandezjohn@yahoo.com,IT,38112.58,2024-10-26,59
481,Jamie,Kelly,robinsonjonathan@randolph.org,HR,57830.85,2024-01-05,29
482,David,Owens,hornlauren@simpson.com,Operations,91946.47,2023-10-15,41
483,Megan,Long,eric98@hernandez-walters.com,Operations,70813.55,2022-09-21,39
484,Jack,Valencia,jacksonjoshua@hotmail.com,HR,73865.98,2021-07-08,38
485,Michael,Mcdaniel,sparksnichole@yahoo.com,Operations,99530.75,2021-11-21,49
486,Maria,Barker,thomasyu@brooks.com,HR,81398.29,2024-09-18,49
487,Evelyn,Wright,millermichael@yahoo.com,Marketing,85107.82,2023-08-13,31
488,Derek,Hughes,htorres@hotmail.com,IT,90247.4,2021-02-25,53
489,Angelica,Ward,hailey50@page.com,IT,47227.88,2021-10-07,59
490,Victoria,Porter,mikeblackburn@soto.com,IT,86330.52,2022-07-31,49
491,Gerald,Day,ashley81@gomez-payne.com,IT,98663.22,2020-04-28,57
492,Elijah,Best,martinezchristina@hotmail.com,Marketing,88831.19,2024-07-27,42
493,Joseph,Ibarra,charles51@gmail.com,Marketing,99953.4,2023-07-19,47
494,Gregory,Mason,howardandrew@yahoo.com,Finance,31196.33,2024-01-04,60
495,Tyler,Robertson,wmorton@smith.com,IT,66930.61,2021-05-20,50
496,Samantha,Bailey,jose00@hotmail.com,HR,51283.71,2021-10-15,52
497,Paige,Castillo,kristen69@hotmail.com,IT,84268.93,2024-04-25,38
498,Amanda,Powers,elizabethalvarez@yahoo.com,IT,70047.52,2024-02-25,32
499,Sonya,Wilson,jillhunter@hansen-nelson.biz,Marketing,30145.3,2020-01-11,29
500,Catherine,Park,kevinbridges@choi.com,HR,52951.79,2022-03-11,41
501,Catherine,Martinez,bball@hotmail.com,Finance,68442.71,2024-08-16,59
502,Lawrence,Preston,staceyleon@hotmail.com,HR,84044.46,2024-09-09,39
503,Tara,Robinson,bushwilliam@gmail.com,HR,30792.28,2020-03-10,49
504,Carol,Hernandez,rwiley@roberts-holmes.org,IT,70033.34,2020-03-10,50
505,Jasmine,Bishop,jeremy41@kline.com,Operations,74589.67,2022-02-08,59
506,Anna,Wells,qnicholson@collier.com,IT,46957.97,2022-07-08,31
507,Jennifer,Spears,wjohnson@hotmail.com,IT,46705.82,2022-05-09,42
508,Billy,Baxter,austinmiller@durham-thomas.com,Operations,45086.68,2021-09-03,59
509,Sara,Thomas,jamesjenkins@yahoo.com,Marketing,45060.57,2024-01-13,52
510,Stephanie,Baxter,nsmith@hardy.com,Operations,37941.67,2022-02-22,51
511,Kristina,Mckinney,cgill@kerr.com,HR,44169.9,2022-10-15,57
512,Hannah,Martin,qdavis@hotmail.com,Marketing,63376.81,2021-04-16,28
513,Rebecca,Osborne,amywilliams@yahoo.com,HR,86670.89,2022-06-12,35
514,George,Cruz,danielhunt@gmail.com,Marketing,82612.73,2020-09-03,28
515,Christine,Alvarez,daniel88@gmail.com,Operations,65622.5,2023-03-23,22
516,Heather,Mills,spencer82@hotmail.com,Finance,84551.53,2020-12-03,44
517,Angela,Gibson,hsalas@yahoo.com,HR,89505.61,2021-02-01,26
518,Laurie,Gallegos,connormoreno@riley.info,IT,39792.4,2020-02-24,55
519,Lisa,Cantu,anthony00@gmail.com,Operations,45061.68,2023-08-02,39
520,Debra,Reilly,danny92@hotmail.com,Marketing,70260.17,2022-07-16,43
521,Brian,Strickland,ochoataylor@gmail.com,IT,83685.71,2020-06-17,34
522,Heather,Hatfield,lisaguerrero@hatfield.com,Marketing,62944.35,2023-07-28,31
523,Brian,Taylor,qsnyder@yahoo.com,HR,95721.03,2023-06-07,22
524,Sheena,Wright,gsims@osborne.com,Finance,30338.25,2023-10-04,32
525,Reginald,Edwards,ericmatthews@johnson-page.org,Operations,58072.08,2022-04-09,31
526,George,Harrington,alejandroperez@hotmail.com,Operations,37468.33,2021-08-25,39
527,Dustin,Bright,mercadorandy@hotmail.com,Marketing,38236.79,2024-06-12,44
528,Derek,Mcdaniel,alexafitzgerald@yahoo.com,Finance,53428.77,2022-04-17,25
529,Danny,Beck,oreyes@harris.com,Marketing,96881.22,2023-05-18,27
530,Kevin,Smith,bushheather@simmons.com,Operations,76204.5,2023-09-02,51
531,David,Washington,laura02@gmail.com,IT,96016.86,2021-08-29,56
532,Courtney,Lawson,blakemoore@gmail.com,Finance,80647.04,2019-12-07,25
533,Aaron,Kelly,heberteric@gmail.com,IT,65332.97,2024-11-12,57
534,Jacob,Lewis,kathrynsnyder@watson.com,Finance,30214.96,2023-01-09,33
535,Gina,Walton,vclark@gmail.com,IT,91418.92,2021-07-06,29
536,James,Griffin,johnsoncolin@hotmail.com,Finance,65101.12,2022-05-09,34
537,John,Palmer,danielgraham@yahoo.com,IT,98697.55,2020-05-24,34
538,Teresa,Lee,mitchell01@yahoo.com,Finance,99901.22,2024-06-24,25
539,Kenneth,Johnson,qjohnson@gmail.com,HR,56104.19,2023-08-30,34
540,Heather,Allen,joshuajackson@sexton.com,Operations,73967.56,2024-04-17,47
541,Molly,Wagner,scarney@hotmail.com,Marketing,55119.72,2020-01-26,46
542,Isabella,Rogers,cmcgee@cooper.biz,Marketing,35914.46,2019-12-25,52
543,Alex,Harris,michaelgonzalez@yahoo.com,IT,48140.31,2022-10-06,57
544,Joshua,Henderson,ernest95@gmail.com,Marketing,89917.06,2021-06-09,55
545,Melody,Brown,milesthomas@young-phillips.biz,Marketing,58562.86,2023-12-18,36
546,Luis,Turner,adrian16@gmail.com,Operations,62586.18,2024-05-05,52
547,Crystal,Rodriguez,katherinerivers@phillips.com,Marketing,65073.84,2024-01-20,24
548,Hunter,Jacobs,timothy67@yahoo.com,Marketing,50996.83,2021-10-01,57
549,Lisa,Riddle,christopher13@hotmail.com,Operations,63688.29,2024-09-06,28
550,Christine,Murphy,greenfrank@jackson.info,Finance,74669.79,2021-03-31,45
551,Courtney,White,floresjonathan@yahoo.com,HR,65017.28,2020-09-10,60
552,Christine,Brown,jeffreyconrad@gilbert.info,HR,75378.68,2021-07-15,46
553,Sandra,Jackson,nelsonronald@bell.net,Marketing,34414.64,2021-10-04,59
554,Mary,Roberts,dana31@freeman-wilson.biz,IT,77312.7,2020-05-21,38
555,Sharon,Flores,aaronmeza@gmail.com,IT,78550.15,2023-11-17,47
556,Elijah,Logan,james68@yahoo.com,Finance,90439.19,2024-07-15,23
557,Jessica,Lucas,cynthia98@gmail.com,Marketing,34301.96,2024-11-08,59
558,Tina,Carroll,pfrazier@stewart.net,Marketing,55741.23,2024-05-10,53
559,Kelli,Rivera,zoe79@hotmail.com,Marketing,58286.42,2021-01-11,34
560,Larry,Fry,seanmcdonald@alexander-moss.info,Operations,74237.32,2022-09-22,54
561,Jason,Green,sholloway@hotmail.com,IT,47370.04,2022-10-20,58
562,Terri,Snyder,johnsonmary@yahoo.com,HR,62258.56,2024-02-22,27
563,Michelle,Burton,isabella11@gmail.com,IT,48654.97,2022-09-25,28
564,Colton,Jones,stephenwright@hamilton.net,Marketing,71534.86,2021-11-09,46
565,Sheila,Hood,jeffery76@clarke.org,Marketing,80821.37,2024-01-15,42
566,Jesus,Fletcher,carlsonanthony@dean.org,Finance,39367.09,2021-06-19,41
567,Adam,Kirby,zgarza@yahoo.com,Operations,59382.16,2021-12-24,55
568,Kyle,Martin,christopherscott@thomas.com,HR,74321,2021-11-08,44
569,Maureen,Travis,cynthiawang@hotmail.com,HR,62790.59,2023-05-24,29
570,Mackenzie,Patel,keith00@elliott.biz,Marketing,84535.01,2024-11-09,39
571,John,Sims,alexisgarza@gmail.com,Operations,58879.99,2021-11-10,40
572,Taylor,Singh,ybruce@brown.com,Finance,74306.94,2024-07-04,31
573,Jacqueline,Ferguson,vickiellison@johnson.com,HR,31534.88,2020-06-04,35
574,Erin,Glass,matthewchavez@yahoo.com,Operations,69641.4,2020-06-27,35
575,Brooke,Taylor,thomas05@smith-stewart.com,Operations,50789.06,2020-02-12,50
576,Joshua,Jenkins,gillcandace@page.com,Finance,83882.18,2021-02-28,39
577,Dennis,Olsen,andersondiana@cardenas.com,HR,47496.19,2020-12-17,41
578,Charles,Shepard,cdrake@schneider.com,Finance,99176.2,2022-06-07,43
579,Kristen,Allen,cjackson@gmail.com,Operations,79083.68,2024-04-02,59
580,Emily,Morris,beth22@jackson-bell.com,Marketing,89566.33,2023-04-12,28
581,Heather,Roberts,jonathanwilliams@hotmail.com,Finance,67202.96,2024-06-04,23
582,Tyler,Scott,qkennedy@stewart.net,IT,77705.97,2022-04-28,54
583,Allen,Fowler,kimberlyjones@johnson-alvarado.com,Operations,42055.46,2024-05-20,51
584,Diane,Grant,chavezrachel@bell-evans.info,Marketing,81973.09,2022-11-21,47
585,Patrick,Parks,joshualang@murray.info,Finance,99113.63,2024-09-03,22
586,Jessica,Brewer,rosaleslisa@gmail.com,Operations,66854.89,2024-02-01,48
587,Juan,Cunningham,frymichelle@gmail.com,HR,46501.32,2021-08-14,34
588,Kayla,Ferrell,susan39@yahoo.com,Finance,55658.83,2022-10-14,41
589,Lindsey,Meza,joneskeith@palmer-austin.com,IT,54482.46,2020-05-22,28
590,Robert,Garcia,chloeolson@walker-fox.com,Finance,74270.65,2023-11-20,44
591,Lauren,Massey,wujames@fritz-baker.com,Operations,73844.21,2023-05-08,57
592,Karen,Reyes,timothywright@yahoo.com,HR,49640.03,2022-02-10,28
593,Norma,Harris,philip44@wilson.net,IT,76404.92,2021-11-12,36
594,Michele,Estes,mckenziejohn@gmail.com,Marketing,39327.27,2021-05-14,47
595,Aaron,Ortiz,josehatfield@hotmail.com,IT,82902.59,2022-08-03,50
596,Tom,Price,walshlisa@adkins-cox.info,HR,72849.22,2021-02-20,54
597,Monica,West,stoutmolly@gmail.com,HR,46845.21,2024-11-24,36
598,Jenna,Rice,hancockfrank@hughes-hill.com,IT,87815.96,2022-09-18,58
599,Edward,Williams,benjamincopeland@gmail.com,Operations,93870.71,2024-03-11,28
600,Edward,Williams,alexanderphillip@dunn.com,Operations,79559.77,2021-03-09,32
601,Andrew,Mata,lphillips@yahoo.com,Marketing,63296.82,2023-08-30,38
602,Juan,Butler,joshua04@burgess-king.com,HR,47211.99,2020-03-07,42
603,David,Williams,hopkinsantonio@fritz-perez.com,Operations,84895.62,2020-11-22,27
604,Benjamin,Floyd,prestonsean@yahoo.com,IT,62232.01,2022-12-14,27
605,Jennifer,Sanchez,danielcooper@yahoo.com,Finance,89966.98,2023-05-05,49
606,Michael,Kennedy,charles12@glover-miller.com,IT,50105.46,2021-10-11,58
607,Ryan,Davidson,audreygross@yahoo.com,HR,78986.38,2022-05-07,38
608,Cassandra,Salinas,heather25@hotmail.com,HR,44327.26,2022-06-22,59
609,Tim,Carroll,patrick66@alvarez.com,Marketing,53296.38,2020-02-14,36
610,Kimberly,Williams,medinachad@diaz.com,IT,52193.81,2021-04-09,39
611,George,Long,goodwinsandra@diaz-shea.biz,Finance,51830.12,2021-07-15,37
612,Frances,Blair,esteswilliam@yahoo.com,Finance,50446.03,2021-12-23,50
613,Matthew,Bishop,tjones@hotmail.com,Operations,64506.72,2023-11-11,47
614,Mackenzie,Chen,brownjohn@lewis.net,IT,78728.97,2020-12-21,60
615,David,Ryan,ysmall@hotmail.com,Marketing,42375.02,2023-01-12,37
616,Steven,Ramirez,denise82@phillips.com,Operations,81840.67,2022-02-26,39
617,Benjamin,Peters,gonzalezrichard@glover-williams.com,Marketing,47999.53,2022-10-02,28
618,Michael,Davis,alicesherman@yahoo.com,Operations,47246.41,2021-02-27,30
619,Robin,Bailey,hammondtami@gmail.com,Finance,62279.18,2022-11-28,22
620,Thomas,Day,jpennington@hotmail.com,HR,64166.2,2021-07-22,52
621,Jennifer,Anderson,robertkim@gmail.com,Finance,65488.9,2023-05-11,42
622,Hunter,Burch,suzanne20@miller-neal.com,Operations,59321.22,2022-03-18,45
623,Andrew,Riley,nicolebowman@morrison-aguilar.org,IT,44245.78,2022-07-29,53
624,Colin,Ward,reginaldsingh@hotmail.com,HR,81914.12,2022-01-06,31
625,Thomas,Hamilton,reginald94@smith.info,HR,38995.73,2022-09-23,25
626,Cody,Watson,april21@yahoo.com,Marketing,61109.2,2020-02-28,36
627,Charles,Cook,corymatthews@gmail.com,IT,64615.28,2022-06-16,58
628,Megan,Knight,twelch@reyes.com,Operations,68093.44,2024-04-17,59
629,Kenneth,Chan,evansscott@yahoo.com,IT,94957.2,2023-05-12,54
630,Stephen,Hoffman,hmartin@lee-bean.com,Operations,39907.03,2023-04-22,48
631,Nicole,Howard,dunnstephen@hotmail.com,IT,39582.58,2021-11-07,41
632,April,Davis,smithcassandra@gmail.com,Marketing,55585.77,2023-05-07,34
633,Brian,Parker,riveraanthony@gmail.com,IT,35971.48,2022-05-01,59
634,Mary,Bennett,larry52@miller-williams.com,Operations,52426.82,2022-10-31,33
635,Martin,Day,davidfrost@gmail.com,Finance,63082.97,2022-12-06,45
636,Monica,Ballard,rowelogan@gmail.com,IT,86677.65,2022-09-20,29
637,Brandon,May,owolfe@andersen-lutz.net,Marketing,82492.74,2020-07-10,58
638,Valerie,Arnold,nelsoncameron@hotmail.com,Operations,43962.85,2020-10-12,22
639,Matthew,Mcdonald,lwebb@patel.com,IT,97416.22,2022-09-02,46
640,Wesley,Adams,caroline57@jordan.com,HR,77005.51,2021-10-30,47
641,Edward,Smith,awilliams@ortega-parker.com,Finance,36400.78,2020-11-28,48
642,Sean,Mcdaniel,mariahtaylor@yahoo.com,Operations,58413.05,2021-08-27,54
643,Robert,Thomas,kentdavid@fuentes.info,IT,58460.91,2020-01-12,46
644,Rachel,Butler,bautistajamie@gmail.com,Marketing,87780.78,2020-02-09,38
645,Lance,Rodriguez,mary14@baker-franklin.info,Marketing,71754.65,2019-12-28,54
646,Amanda,Crawford,prestoneric@yahoo.com,IT,62456.28,2024-09-28,59
647,Alexander,Simmons,rflores@yahoo.com,Marketing,64771.12,2022-10-08,29
648,Lindsay,Marsh,bfrench@hotmail.com,Finance,85599.02,2022-01-04,38
649,Nicholas,Mcdonald,meghanrocha@hotmail.com,IT,45980.69,2021-05-24,42
650,Hayley,Jones,camachobrianna@gmail.com,Marketing,54231.8,2021-03-11,26
651,Ryan,Lee,operkins@villanueva-hernandez.biz,HR,31073.86,2020-09-02,60
652,David,Moss,jbarnes@monroe.com,Operations,64774.48,2023-12-12,54
653,Ryan,Smith,matthew82@yahoo.com,Operations,30118.59,2022-03-20,25
654,Jeremy,Fox,jamiepierce@hotmail.com,Finance,47327.58,2021-03-10,60
655,Tiffany,Ward,sarah68@gmail.com,Marketing,63307.83,2023-11-25,57
656,Jillian,Perez,joanjordan@wilson.com,HR,48982.56,2022-07-26,51
657,Kristi,Ramirez,carrie54@yahoo.com,IT,71174.64,2020-06-22,26
658,Lisa,Odonnell,cassandrarojas@hotmail.com,Finance,77699.82,2020-04-30,48
659,Kim,Clark,gloverkatrina@gmail.com,HR,90037.51,2022-04-19,53
660,Anthony,Kirby,jamie15@cameron.com,IT,58580.65,2023-07-22,32
661,Brenda,Joseph,sarashelton@hotmail.com,IT,98506.28,2023-02-12,46
662,Darlene,Hill,clarkrachael@sparks.org,IT,37675.6,2020-06-01,24
663,Stacy,Smith,jameslivingston@wilson.com,IT,64429.43,2023-04-13,24
664,Christopher,Ware,kelly78@yahoo.com,HR,94529.08,2021-04-19,46
665,Juan,Norton,dbeck@hotmail.com,IT,94725.44,2022-05-24,51
666,Tracy,Brooks,gibsonkelly@hotmail.com,Finance,81753.81,2021-03-13,46
667,Donna,Thompson,candiceshah@hotmail.com,Operations,95875.92,2024-08-07,36
668,Amy,Lawrence,weavertabitha@baker.com,Marketing,88468.66,2022-06-20,48
669,Daniel,Griffin,joseph71@hotmail.com,HR,91732.52,2023-01-20,25
670,Stacy,Schmidt,fgraham@wilson.com,Marketing,98117.36,2023-01-13,48
671,Bradley,Hart,teresabrown@gmail.com,Operations,87771,2024-07-05,55
672,Joseph,Stanley,joshuacarpenter@thompson-morrow.com,Operations,44484.92,2020-11-24,28
673,Jonathan,Fernandez,walkerjames@wise.net,Operations,68122.58,2020-02-02,36
674,Victoria,Mosley,hhogan@gmail.com,IT,92988.26,2024-04-14,29
675,Kelly,Carson,casedouglas@yahoo.com,Operations,44725.53,2020-07-29,32
676,Matthew,Kelly,ramirezjames@stanley.org,Marketing,83457.39,2024-05-24,32
677,Cory,Richard,steve99@hotmail.com,HR,36959.54,2023-05-12,45
678,Dennis,Scott,suzanne36@hotmail.com,Operations,38572.54,2020-07-03,33
679,Brandon,Higgins,timothyaguirre@hotmail.com,HR,84931.69,2021-09-16,28
680,Julie,Rivers,dnelson@franklin.info,Marketing,93011.58,2021-07-29,52
681,Javier,Ingram,xsnow@owens.info,HR,76310.64,2022-08-01,28
682,Mary,Rivera,maddoxjohn@mccoy.com,Marketing,78199.3,2022-05-12,58
683,Aaron,Vega,leesheena@gmail.com,Marketing,60504.18,2020-11-22,51
684,Nicole,Bates,amberwaller@yang.com,Marketing,87419.13,2021-10-12,28
685,Daniel,Cooper,brittney03@hotmail.com,Marketing,37404.35,2023-06-09,35
686,Kelli,Jenkins,wwilliams@yahoo.com,Operations,75346.53,2024-05-28,32
687,Laurie,Martinez,mhobbs@gmail.com,Marketing,73302.56,2020-08-24,37
688,Dawn,Cooke,abaker@ramirez.com,Finance,87856.53,2021-11-18,27
689,Judy,Bolton,debra95@hotmail.com,Operations,56434.83,2023-08-21,53
690,Daniel,Ramos,boydrenee@cisneros.info,Marketing,78834.59,2021-03-27,22
691,Corey,Barton,ryantorres@richards.biz,IT,99969.69,2022-07-17,52
692,Olivia,Johnson,fmorgan@hotmail.com,Operations,39895.64,2022-03-04,39
693,Jeffrey,Morgan,woodsabigail@jordan.com,IT,43345.13,2020-05-25,34
694,Kimberly,Myers,santiagojennifer@hotmail.com,Marketing,38732.13,2023-11-25,24
695,April,Matthews,natasha24@hotmail.com,Marketing,56676.22,2020-07-24,28
696,Kevin,Bishop,swhite@gmail.com,HR,52851.62,2023-12-12,54
697,Roberta,Cooper,brittany25@rodriguez-williams.com,Marketing,40646.03,2024-11-16,45
698,Eric,Cunningham,christopherbyrd@hotmail.com,IT,79158.38,2024-10-31,47
699,Joshua,Salas,derekgardner@hotmail.com,HR,80795.26,2021-10-22,31
700,Jeffrey,Lewis,johnsonjesse@yahoo.com,HR,84782.51,2023-06-29,52
701,Angela,Murphy,schroederandrew@hotmail.com,Marketing,69066.09,2021-11-25,27
702,Daniel,Oconnor,garciamichelle@hotmail.com,IT,75259.22,2020-08-15,44
703,Connor,Lucas,mhebert@gmail.com,Finance,73622.5,2024-01-07,53
704,Tyler,Thompson,wwhite@hotmail.com,IT,94686.42,2023-09-21,32
705,Joyce,Odom,gentrymelissa@diaz-jenkins.com,Finance,85967.68,2024-04-24,24
706,Pamela,Smith,tcarrillo@wright.com,HR,79761.48,2023-02-13,49
707,Brian,Swanson,regina20@hotmail.com,Finance,63079.08,2023-01-31,38
708,John,Bennett,stephanie49@jackson-cook.com,HR,81386.6,2024-03-13,33
709,Eric,Bennett,benjamin11@brown.com,IT,87258.95,2020-07-05,31
710,Andre,Miller,anna18@gmail.com,Operations,58595.76,2020-09-07,27
711,Adam,Ramsey,hernandezbarbara@yahoo.com,Marketing,55092.39,2021-09-15,51
712,Abigail,Garrett,jason08@hotmail.com,Marketing,59596.29,2022-05-18,39
713,Ana,Shields,fhood@moyer.com,Finance,41767.13,2020-10-21,42
714,Jonathan,Lowe,belljames@peters.com,Marketing,88143.03,2020-01-20,25
715,Morgan,Wilson,christopherpaul@yahoo.com,HR,54129.54,2022-01-19,34
716,Jesus,Luna,huangjessica@hotmail.com,Operations,61862.8,2023-08-14,51
717,Timothy,Trujillo,asmith@wilson.com,IT,89841.64,2023-12-24,46
718,Daniel,Sharp,jesselopez@jones.com,Operations,69636.3,2021-04-25,59
719,Melinda,Davidson,garmstrong@gmail.com,IT,82194.64,2022-11-27,37
720,Paul,Petty,tbaker@blair.com,Finance,79137.8,2024-10-15,53
721,Christopher,Brown,beckerparker@gmail.com,IT,92549.18,2023-11-11,39
722,Brian,Ramirez,cartercarla@gonzalez.com,HR,32398.69,2024-04-15,26
723,Kathryn,Thomas,john26@gmail.com,Finance,60260.61,2022-05-12,37
724,Amy,Mcgee,katherine25@bryan.info,Finance,59059.45,2021-05-03,29
725,Shannon,Goodman,mevans@lopez-zamora.org,IT,84410.58,2022-12-24,29
726,Angela,Mckinney,hammondmichael@yahoo.com,Finance,52970.93,2023-04-14,38
727,Connie,Luna,shawncooper@ritter.biz,HR,64556,2024-08-24,24
728,Arthur,Lopez,patrick40@yahoo.com,IT,63982.23,2023-11-25,52
729,Susan,Sherman,christopherwebster@massey-hines.com,HR,71296.04,2023-08-29,47
730,Mark,Davis,bakersierra@atkins-williams.com,Operations,64203.03,2024-04-23,46
731,Derrick,Rodriguez,shunt@ross.com,HR,45737.44,2024-11-16,55
732,Carl,Smith,johnsonchad@cortez-simon.com,IT,44229.15,2021-11-01,60
733,Meredith,Nelson,areed@gmail.com,Finance,38683.07,2024-11-11,41
734,Kevin,Noble,daniel08@wilson.com,Operations,73611.63,2020-12-07,31
735,Adrian,Schmidt,timothyclayton@yahoo.com,HR,60648.05,2022-01-18,38
736,Linda,Knox,garciaangela@gmail.com,HR,38242.09,2023-11-13,31
737,Craig,Kaufman,stokesmeredith@yahoo.com,Finance,36781.49,2023-04-29,57
738,Michele,Doyle,jessica78@yahoo.com,IT,70852.1,2023-10-30,31
739,Julie,Burke,leslie70@holden-delacruz.com,IT,92467.83,2022-11-06,35
740,Randall,Garcia,agiles@hotmail.com,HR,67728.42,2023-04-19,34
741,Nathan,Hess,harristracy@gmail.com,Operations,56926.81,2022-07-14,57
742,Patricia,Kirk,elizabethmcdonald@yahoo.com,IT,40540.07,2019-12-29,43
743,Luke,Lawrence,victoria28@gmail.com,IT,41702.77,2022-07-27,49
744,Brian,Mcclure,weekshannah@hart-murphy.com,IT,76542.09,2020-12-05,50
745,Carrie,Brooks,caitlinharris@finley.com,Operations,39718.65,2024-02-07,28
746,Brittany,Warren,lindsey57@gray.info,IT,95509.49,2022-12-07,54
747,Chase,Harris,smithmartin@johnson-stein.com,HR,38838.34,2022-10-27,42
748,Laura,Baker,jacqueline94@gmail.com,Marketing,62128.48,2021-11-16,27
749,Travis,Williams,orobinson@yahoo.com,IT,37122.94,2023-09-13,50
750,Elizabeth,Perry,jacob14@winters.com,IT,64384.67,2024-07-11,36
751,Christopher,Rodriguez,beckwesley@bennett-brown.com,Finance,83571.55,2022-05-10,39
752,Jon,Rogers,moorewilliam@hotmail.com,Operations,63194.09,2020-07-02,50
753,Lisa,Garcia,traceychavez@wilson.net,HR,83345.27,2021-02-09,41
754,Daniel,Parks,martinezmonica@yahoo.com,HR,44927.18,2020-05-17,57
755,Rose,Curtis,victor77@yahoo.com,Marketing,66135.47,2022-12-16,40
756,Jacob,Lopez,ricejoseph@gmail.com,Finance,39413.98,2020-04-03,23
757,Jimmy,Gibson,mcphersontimothy@gmail.com,Operations,90850.73,2024-03-27,42
758,Susan,Williams,jennacalderon@carpenter-smith.info,Marketing,48365.88,2022-02-09,28
759,Daniel,Myers,baldwinmichael@maxwell-cain.com,Operations,40077.35,2024-04-14,57
760,Laura,Lopez,lindacooper@arroyo.com,Marketing,63664.92,2019-12-20,38
761,Danny,Lin,nicholscarol@garrett-harrell.com,Operations,73773.58,2022-09-17,54
762,Daniel,Bailey,waltonjoseph@gmail.com,Marketing,86601.18,2024-10-27,36
763,Christopher,Clarke,michellerodriguez@hotmail.com,Operations,96631.59,2024-05-17,48
764,Emily,Mueller,xjones@gomez-blevins.com,Finance,31557.69,2024-10-31,26
765,Nathan,Fitzgerald,tracygarrett@campbell.biz,Operations,82885.91,2021-07-26,46
766,Jesse,Snyder,hallison@wright.org,Finance,76959.56,2021-01-14,29
767,Karen,Garcia,parkerjessica@yahoo.com,Marketing,54060.66,2024-07-20,29
768,Edward,Flores,melissa91@gmail.com,IT,76601.14,2022-07-24,43
769,Michelle,Singh,jill63@hotmail.com,IT,78684.07,2022-02-20,38
770,Michael,Goodwin,amanda04@hotmail.com,Marketing,80961.56,2023-04-10,58
771,Adam,Horton,oschmidt@hotmail.com,IT,72441.89,2022-04-05,22
772,Charles,Bass,franklinvanessa@stanley-caldwell.info,Finance,81964,2022-11-04,25
773,Ricardo,Young,william53@bell.com,HR,92354.5,2020-09-18,34
774,Sharon,Cummings,alarsen@yahoo.com,HR,65472.46,2024-04-03,44
775,Jennifer,Davenport,monica71@king.org,HR,72728.64,2021-11-06,44
776,David,Carroll,krauseaaron@graham.org,Finance,64242.48,2024-05-30,43
777,Lisa,Thompson,smithshannon@yahoo.com,Marketing,35621.71,2022-09-15,26
778,Kristin,Ramirez,owilson@lewis.com,HR,39972.32,2022-02-14,54
779,Kimberly,Myers,oburnett@kim-romero.com,Operations,57472.6,2020-02-11,30
780,Dan,Thompson,matthew00@white.biz,Operations,64379.07,2024-05-08,37
781,William,Miller,holly18@gmail.com,HR,58016.84,2023-03-13,23
782,Antonio,Schultz,allenmarie@crosby.info,Marketing,95804.28,2022-02-28,32
783,Blake,Blankenship,jhernandez@steele-clark.com,Marketing,93881.72,2021-07-04,29
784,Bridget,Golden,conleyjackson@hotmail.com,Marketing,53690.94,2021-07-01,28
785,Jeffrey,Willis,sandra83@gmail.com,HR,96006.22,2020-07-18,22
786,Patricia,Boyd,allenkara@berg-harper.com,Operations,36452.01,2024-09-20,58
787,James,Farley,jeffrey50@hotmail.com,Finance,58887.73,2023-01-29,51
788,Peggy,Martin,wmaldonado@shaw-simmons.com,IT,51377.83,2021-09-12,33
789,Alexander,Rose,jonathan80@hotmail.com,IT,87962.04,2020-10-03,50
790,Jade,Wilson,cohenkatherine@johnson.net,IT,87170.29,2020-07-16,47
791,Justin,Hamilton,jonathanvalentine@johnson.com,Finance,53375.31,2020-04-18,28
792,Amanda,Ramirez,daviskimberly@nguyen.com,HR,90385.44,2022-01-13,48
793,Laura,Cunningham,jeffreycain@hotmail.com,Operations,76845.17,2022-03-26,42
794,Brittany,Wong,tyler36@yahoo.com,Operations,48036.71,2023-05-02,56
795,Mason,Rodriguez,devin31@yahoo.com,Marketing,83383.19,2021-02-10,40
796,Jonathan,Ross,david77@simon.com,IT,69020.7,2024-07-08,27
797,Scott,Nelson,klynch@gmail.com,HR,94982.49,2020-08-14,41
798,Melissa,Townsend,wpalmer@yahoo.com,IT,99618.31,2022-07-21,51
799,Tammy,Kirby,hillamber@riggs.com,IT,85980.83,2020-09-09,51
800,Micheal,Diaz,kristinreyes@lara.com,Finance,58079.49,2021-11-09,51
801,David,Herring,mario95@avila.info,Finance,86153.12,2021-09-27,53
802,Jean,Henderson,perezgarrett@gmail.com,Finance,96934.22,2023-06-07,26
803,Joseph,Tate,sosborne@chase.com,Finance,39392.15,2022-08-19,52
804,George,Jimenez,georgejoseph@robinson.com,Finance,71891.28,2021-09-09,39
805,Charles,Lang,liucraig@spears.com,HR,53047.8,2022-01-29,31
806,Lindsey,Payne,frodriguez@perez.com,Operations,63803.69,2023-08-06,48
807,Mary,Leon,jameshunter@mendoza.org,HR,57259.74,2023-04-22,28
808,John,Austin,ynelson@yahoo.com,Finance,30228.7,2024-08-24,39
809,David,Vasquez,thorntonthomas@yahoo.com,HR,46619.94,2022-02-18,40
810,Jose,Sanchez,zcunningham@yahoo.com,HR,41287.18,2024-02-18,50
811,Austin,Cook,maryponce@gmail.com,Marketing,72695.76,2021-01-31,33
812,Sheri,Harris,rayturner@moore.com,Marketing,56796.66,2022-03-17,39
813,Jennifer,Barajas,michelle49@gmail.com,Finance,38449.16,2024-02-29,27
814,Courtney,Holden,davidbarr@riley-hansen.org,Marketing,45974.65,2021-08-25,58
815,James,Hernandez,staceymccormick@hotmail.com,HR,42210.53,2021-10-12,48
816,Jennifer,Ward,hortonpeter@yahoo.com,IT,81092.01,2024-03-03,48
817,Brittney,West,lisaparker@gmail.com,IT,67267.15,2021-04-07,44
818,Carrie,Ward,kenneth65@baker.info,Marketing,65427.99,2023-06-09,31
819,Regina,Peck,melissa39@gmail.com,Finance,65062.84,2022-06-15,47
820,Andrea,Graham,christinaelliott@hotmail.com,Operations,59984.74,2024-09-26,50
821,Dana,Perkins,robert09@park.com,Operations,64676.64,2021-07-27,24
822,Richard,Horn,garciascott@obrien.com,HR,89155.87,2021-06-04,40
823,Andres,Banks,kevinward@lee.net,IT,41122.2,2020-03-07,59
824,Bobby,Silva,amandaparks@hotmail.com,Finance,61326.23,2023-01-12,37
825,William,George,krystalreynolds@gmail.com,Operations,45158.58,2022-02-28,29
826,Jessica,Smith,elliottmichael@baker-velez.biz,Operations,36320.6,2023-12-14,46
827,Nicholas,Perez,dominguezedwin@gmail.com,Marketing,82514.24,2022-01-23,28
828,Sharon,Murphy,lindsey44@yahoo.com,Finance,46047.71,2024-04-25,38
829,Anthony,Klein,hopkinsspencer@gmail.com,IT,53638.72,2020-12-19,54
830,Robert,Diaz,paulaperez@hotmail.com,HR,67344.35,2020-01-26,56
831,Lawrence,Hill,watkinsbrad@mcdonald.com,Marketing,89625.68,2024-06-27,22
832,Melissa,Walker,alexander84@hotmail.com,HR,31631.32,2021-03-11,22
833,William,Carr,vasquezphilip@yahoo.com,Finance,33178.65,2022-01-01,26
834,Tyler,Dixon,eric52@gmail.com,Finance,69899.18,2021-06-08,40
835,Gregory,Stevens,rocharegina@gmail.com,IT,58465.47,2023-11-13,41
836,Mario,Craig,petersonalexander@johnson.net,Finance,87099.39,2020-04-18,43
837,Laura,Smith,joshua39@hotmail.com,IT,38754.96,2021-05-19,31
838,Robin,Morgan,joseph26@yahoo.com,HR,72009.97,2024-11-20,57
839,Kim,Davis,ashleygeorge@gmail.com,Finance,56156.69,2024-03-07,41
840,Jenna,Jackson,nlopez@gmail.com,Marketing,53038.67,2023-05-19,54
841,Taylor,Smith,ealvarado@gmail.com,Marketing,78555.46,2023-09-21,41
842,Kaylee,Lewis,timothyedwards@hotmail.com,Finance,73148.02,2024-02-22,39
843,Austin,Hall,wchristensen@james.com,HR,45702.75,2022-06-03,27
844,James,Bush,mward@prince-cruz.biz,HR,65927.77,2020-12-27,24
845,Justin,Reynolds,bking@hotmail.com,Finance,41118.33,2020-12-11,55
846,Jill,Jones,erin59@hotmail.com,HR,80168.48,2021-08-15,59
847,Michelle,Jenkins,thomas23@powers-stewart.net,Marketing,70584.74,2022-06-30,53
848,Nicholas,Kelley,ocrawford@allen-campbell.info,Finance,74110.04,2020-02-04,54
849,Barbara,Morgan,bhernandez@gray.org,Operations,96435.2,2023-03-23,57
850,Jeffrey,Ellison,mtorres@robinson.com,Marketing,85272.92,2022-03-08,25
851,Jennifer,Pope,danieldecker@ferguson-young.com,Finance,33955.54,2023-06-08,43
852,Patrick,Martin,smithdavid@dixon.info,IT,84448.52,2020-07-28,42
853,Hunter,Brooks,kcollins@gmail.com,Marketing,31323.11,2024-07-15,38
854,Brian,Smith,amy58@hotmail.com,Marketing,80679.51,2022-12-05,31
855,Stephanie,Hickman,carlasanchez@gmail.com,IT,52316.84,2020-03-20,23
856,Richard,Welch,vhooper@alexander-daniels.net,HR,48895.69,2020-09-29,59
857,Richard,Williams,jennystevens@hotmail.com,IT,97692.47,2023-09-28,29
858,Heather,Ortiz,mshah@gmail.com,Operations,60848.71,2020-01-16,22
859,Cassandra,Johnson,laurielin@torres.com,Finance,87413.58,2023-11-30,47
860,Jeffrey,Hunt,jacqueline64@wright.org,Operations,44886.02,2022-12-27,55
861,Lauren,Hall,kevin98@young.com,IT,38230.31,2020-12-12,35
862,Renee,Neal,mary64@gmail.com,IT,59280.96,2021-01-28,48
863,Christopher,Mcdonald,nkelley@gay-herrera.info,HR,36486.5,2023-02-24,53
864,Anthony,Howard,fernandezbrittany@smith.info,Operations,41560.78,2022-05-10,34
865,Danielle,Ritter,lodom@lewis-parks.com,HR,73506.47,2021-12-06,36
866,John,Griffith,collinsamanda@miranda.com,HR,40103.49,2024-09-06,57
867,Robert,Scott,brittany24@hotmail.com,IT,50483.22,2024-09-07,24
868,Richard,Garcia,hvega@cohen.com,HR,33263.94,2020-09-05,42
869,Edward,Adams,anthony42@hotmail.com,HR,61869.98,2023-05-20,37
870,Victoria,Brown,xmayer@craig-sawyer.biz,Finance,93150.32,2023-12-17,57
871,Makayla,Duncan,jlester@hotmail.com,HR,83637.49,2024-10-06,47
872,Shawn,Mccall,robertmitchell@miller-smith.org,Marketing,31612.28,2023-03-15,38
873,Anne,Andrade,dmorales@farmer.net,Marketing,59539.34,2024-04-08,38
874,Bradley,Randall,vdyer@franklin.biz,IT,37186.49,2020-09-02,48
875,Jessica,Parsons,lopezwalter@gmail.com,Marketing,97111.36,2021-08-28,59
876,Elizabeth,Moore,rmason@schultz.com,HR,83301.85,2020-01-27,24
877,Bobby,Wright,wrightmaria@rich.com,HR,38653.22,2022-02-11,30
878,Kimberly,Anderson,smithmichelle@roberts-wilson.com,Finance,61449.16,2024-05-30,40
879,Matthew,Perez,patricia53@lopez.info,Marketing,62012.81,2020-12-27,41
880,Robert,Hernandez,melissacarter@thomas.com,HR,36200.2,2023-04-11,25
881,Caleb,Coleman,btaylor@gmail.com,HR,67917.74,2022-07-25,39
882,Jennifer,Dawson,robert73@foster.com,Marketing,52692.5,2020-08-21,46
883,Karen,Freeman,fgarcia@hotmail.com,Marketing,67350.59,2023-08-01,27
884,Erica,Johnson,nmoran@salinas.com,Finance,40659.92,2023-05-14,29
885,Sharon,Allen,harrischarles@gmail.com,IT,94187.11,2020-06-09,55
886,Martha,Boone,larsonsharon@gmail.com,Marketing,95270.85,2023-07-29,24
887,Holly,Brown,williamsjoshua@rosario.info,HR,36542.12,2023-03-02,28
888,Jason,Jackson,nallen@hotmail.com,Finance,43270.35,2020-08-14,36
889,Darryl,Perez,danielruiz@yahoo.com,Marketing,53632.67,2024-10-28,37
890,Alexandria,Ward,ebrown@yahoo.com,Marketing,85773.99,2020-03-01,42
891,Melanie,Mcdonald,martinsmith@delgado-campbell.info,Finance,68448.61,2024-02-11,58
892,Jackie,Brown,rbailey@yahoo.com,Operations,97362.56,2021-05-14,38
893,Diane,Collins,stevenallen@weaver-haley.net,Operations,62058.9,2020-06-05,30
894,Aaron,Franklin,xnavarro@hotmail.com,IT,93687.2,2020-01-14,45
895,Julia,Williams,copelanddarrell@rice.com,Marketing,51382.13,2023-01-03,39
896,Victoria,Harris,jasmine26@gmail.com,Finance,42756.25,2024-03-12,60
897,Meghan,Ponce,leahnguyen@gmail.com,Marketing,92191.88,2024-03-16,49
898,Michelle,Jones,gary64@hotmail.com,Operations,91463.49,2021-09-25,22
899,Anthony,Wilson,spruitt@hotmail.com,Marketing,32848.52,2021-05-07,33
900,Christina,Christensen,oneillallison@simon.com,Finance,88365.73,2024-02-29,23
901,Carl,Saunders,kennethjohnson@morrow.com,IT,92189.87,2024-08-07,44
902,Randy,Price,christopher11@hall.biz,Finance,74474.62,2020-04-25,25
903,Daniel,Harris,vanessa65@gmail.com,Operations,50721.25,2020-11-19,35
904,Dylan,Gutierrez,annchurch@gmail.com,IT,54211.39,2022-12-29,58
905,Nancy,Maldonado,traciharper@welch.com,Marketing,45823.63,2020-04-16,57
906,Sara,Oliver,nicoleelliott@gmail.com,Finance,49770.04,2020-09-20,43
907,Jeremy,Garcia,omar27@gmail.com,HR,83593.79,2023-10-02,30
908,Tanya,Greer,robinsonderrick@hotmail.com,IT,82754.13,2021-02-16,52
909,Linda,Brown,tamaralewis@yahoo.com,Finance,62923.37,2022-11-22,32
910,Amber,Cain,smithmichael@haynes.biz,Operations,32102.33,2023-01-27,31
911,Matthew,Peterson,bwilliams@gmail.com,Marketing,58309.2,2021-10-22,33
912,Joseph,Wilson,troberts@howard.com,IT,76498.75,2021-01-20,28
913,Amy,Espinoza,wilsonjames@peck.biz,Marketing,51103.96,2023-09-11,57
914,Sarah,Gonzalez,julieolson@morgan.biz,HR,88251.44,2022-10-26,34
915,Jason,Sherman,rachel24@yahoo.com,Marketing,34222.6,2023-10-10,43
916,Alexander,Holmes,callahanjay@king.net,IT,69887.63,2024-03-25,28
917,Cathy,Kelley,adrian36@gmail.com,Marketing,38872.09,2022-07-31,57
918,Jason,Snyder,boothmeredith@beck.com,Operations,97239.73,2022-03-07,56
919,Brian,Wallace,thester@cooley.org,Finance,88396.53,2021-07-14,38
920,Angel,Zavala,wparks@garcia.com,Finance,55551.65,2023-02-02,27
921,Morgan,Johnson,morgan00@hotmail.com,Finance,62547.88,2021-07-01,35
922,Elizabeth,Hughes,laurasullivan@stein.net,IT,33568.81,2020-03-28,59
923,Katelyn,Gray,jgonzalez@hotmail.com,Marketing,50772.67,2023-10-31,50
924,James,Wilson,robinsonluis@mccormick.net,Marketing,91535.3,2023-06-28,57
925,Alicia,Thomas,clifford19@sweeney.net,Marketing,93462.31,2022-11-29,48
926,Nathan,Williams,dsmith@matthews.com,Marketing,52445.13,2021-02-22,60
927,Tommy,Bernard,qgonzalez@gmail.com,Operations,58384.65,2021-09-05,57
928,Kaitlyn,Clarke,donna98@skinner-harris.biz,Finance,72249.16,2021-11-09,24
929,Rachel,Becker,samantharussell@yahoo.com,IT,35834.57,2021-06-04,44
930,David,Jimenez,marknguyen@holmes.biz,Finance,66467.1,2020-03-29,36
931,Tiffany,Spence,morrisonlisa@hotmail.com,Operations,76371.94,2021-05-15,39
932,Glen,Barron,grobbins@yahoo.com,Operations,43998.01,2021-06-01,38
933,Roberto,Jones,vlarsen@hotmail.com,Finance,66070.35,2022-03-05,49
934,Joseph,Merritt,asmith@obrien-rowland.com,Marketing,82668.3,2021-04-10,35
935,Nicholas,Chavez,richardsfrances@turner.com,Marketing,49851.17,2021-09-08,44
936,Dean,Gonzalez,teresamayer@strickland.org,IT,30406.74,2019-12-22,25
937,Kylie,Cummings,myerszachary@long.com,HR,32406.3,2020-07-29,52
938,Matthew,Daugherty,ginawashington@yahoo.com,Operations,35081.48,2020-03-01,36
939,Jeremy,Kirby,wisemichael@oneal.com,Operations,32632.1,2024-07-13,54
940,Patricia,Ferguson,jroach@powers-robinson.com,Finance,60963.99,2020-06-28,33
941,Michelle,Bartlett,vfloyd@sherman-camacho.info,Finance,90761.51,2024-09-08,54
942,Rose,Jones,april67@gmail.com,Operations,64451.77,2024-11-26,36
943,Jennifer,Stein,daniel52@yahoo.com,IT,76122.86,2022-03-11,39
944,David,Hines,uhaynes@yahoo.com,Operations,35092.03,2024-10-14,56
945,Sarah,Chapman,shannon59@yahoo.com,IT,38301.3,2020-03-02,25
946,Jamie,Williams,timothy19@hotmail.com,IT,85240.21,2020-04-24,28
947,Kathleen,Martinez,fieldstrevor@gmail.com,Operations,71643.66,2022-10-05,48
948,John,Ward,lindacross@hines-peterson.com,Marketing,32104.25,2024-09-12,47
949,Matthew,Lewis,danielkrause@yahoo.com,IT,59412.38,2020-02-11,35
950,Jacob,Reed,briannaheath@lewis.com,Finance,75920.14,2020-05-10,33
951,Lindsay,Jones,laurenlove@gmail.com,Operations,44721.8,2021-08-01,44
952,Shari,Morgan,orodriguez@miller-long.com,Finance,31036.35,2022-05-28,30
953,Christopher,Roberts,nicholasvasquez@yahoo.com,IT,85941.13,2023-04-23,39
954,Carmen,Webb,ruizyvonne@hotmail.com,Finance,69940.18,2024-09-08,46
955,Jonathan,Brewer,thomasdanielle@tucker.com,IT,53942.56,2021-06-04,40
956,Michelle,Martin,whitakercarmen@yahoo.com,Operations,92597.05,2021-07-16,60
957,Eric,Perez,kberry@hotmail.com,Operations,90045.2,2024-11-15,43
958,Laura,Bass,leon95@osborne.biz,HR,37031.75,2020-04-29,47
959,Alexandria,Foster,hking@gmail.com,HR,49420.84,2021-12-16,55
960,Jason,Noble,terrigarrett@meyers.com,Operations,54151.84,2022-10-24,29
961,Stephen,Frey,brian14@hotmail.com,Finance,57261.68,2023-07-07,32
962,Erica,Bautista,jason22@williams-baker.com,Finance,72656.93,2021-01-14,28
963,Roberto,Gutierrez,kennethbrown@williams.com,Finance,56078.16,2024-09-26,43
964,Carla,Barker,jbutler@hotmail.com,HR,76766.15,2020-10-20,45
965,Heather,Baldwin,johnsonalexis@wright.com,Finance,57149.01,2024-01-03,44
966,Jeffrey,Flores,wendypatel@quinn.biz,Finance,80654.57,2024-03-24,45
967,Adam,Bradshaw,jamie22@gmail.com,HR,71955.56,2024-05-13,24
968,Sharon,Mejia,jacksonerin@gmail.com,HR,96890.76,2020-08-11,47
969,Mary,Santos,stevenreid@peters.com,Marketing,77416.12,2023-07-26,33
970,Travis,Richardson,kwilliams@hotmail.com,Finance,41761.19,2023-10-22,52
971,Kimberly,Hill,bonnie18@hotmail.com,Finance,38040.89,2020-11-10,55
972,Brian,Fields,traciehudson@thompson.org,Marketing,95908.28,2023-06-10,33
973,Jenna,Reeves,sarah87@yahoo.com,Finance,82632.42,2021-10-31,42
974,Angela,Higgins,jacobbrown@cochran.com,Operations,45452.52,2020-08-09,23
975,Anna,Rogers,ovargas@acosta.info,IT,98904.04,2021-04-03,58
976,Adam,Rush,cmccullough@cunningham.info,Finance,70638.71,2023-06-26,47
977,Courtney,Andersen,jason17@lee-brown.net,Operations,30133.72,2023-10-29,33
978,Brenda,Joyce,brooke61@lawson.com,IT,41966.82,2020-11-14,42
979,James,Brown,lcox@hotmail.com,Finance,31054.69,2020-05-13,25
980,Jason,Bailey,troy02@yahoo.com,IT,93593.58,2021-11-07,53
981,Timothy,English,tyler15@nichols.org,Marketing,66114.78,2020-07-30,27
982,Adam,Lowe,blopez@carpenter.com,IT,93174.12,2024-09-21,27
983,Rebecca,Crosby,allennoah@gmail.com,Finance,52424.11,2023-11-16,38
984,Charles,Morris,dorothylee@anderson.info,Finance,66316.14,2024-04-11,38
985,Daniel,Kelley,iespinoza@hotmail.com,Finance,76269.41,2023-11-19,22
986,Alex,Johnston,anita53@hotmail.com,Finance,78005.06,2023-03-12,60
987,Michelle,Koch,nwelch@yahoo.com,Operations,57775.65,2023-01-04,33
988,Mason,Tran,mileschelsey@gmail.com,Finance,73823.79,2022-10-13,46
989,Benjamin,Martinez,robersonmason@thomas-ramos.com,Operations,45594.95,2022-08-11,35
990,Frank,Miller,jennifer07@manning.com,IT,73566.74,2020-11-19,51
991,Dillon,Maldonado,jamesjeanette@gmail.com,IT,31881.6,2020-07-17,56
992,Angela,Jones,gutierrezerin@gmail.com,HR,31208.08,2021-06-01,38
993,Richard,Bright,kimdebbie@hotmail.com,HR,39884.28,2021-07-07,36
994,Daniel,White,michaelmorgan@rodriguez.org,Finance,34859.95,2020-11-16,39
995,Mary,Wagner,christine82@gmail.com,Marketing,35956.07,2023-12-15,45
996,Brandi,Cowan,qsimmons@gmail.com,Finance,97102.57,2024-11-07,41
997,Michael,Gray,curtisruben@gmail.com,IT,40509.73,2023-03-11,37
998,Cassandra,Rodriguez,brittneytran@dunlap.info,Finance,72886.03,2024-07-25,32
999,April,Howard,crystalcohen@smith.com,Operations,32177.63,2022-04-06,29
1000,Benjamin,Palmer,darylsnyder@williams.com,IT,87670.82,2020-04-03,38